"market_avg_daily_return","market_avg_daily_volatility","total_market_volume"
0.049130781134811754592703,3.6632028469750890,110120763432
